WKT,nama,deskripsi
"LINESTRING (106.7506216 -6.3429465, 106.7564581 -6.3504533, 106.7609213 -6.3596661, 106.7691611 -6.362737, 106.7787741 -6.362737, 106.7880438 -6.3651254, 106.794601 -6.3656477, 106.7890738 -6.356254, 106.7938803 -6.3477236, 106.8004034 -6.3412404, 106.8000942 -6.3308434, 106.812763 -6.3275914, 106.8223761 -6.3262264, 106.8302725 -6.3282738, 106.8412588 -6.3320273, 106.8494986 -6.3350984, 106.8639181 -6.3388519, 106.8687247 -6.3412404, 106.880741 -6.3497709, 106.8882941 -6.3613721, 106.8931006 -6.3729731, 106.8931006 -6.386621, 106.8831442 -6.3842326, 106.8725012 -6.3821855, 106.867008 -6.3808207, 106.8676947 -6.3890093, 106.8649481 -6.3954919, 106.8615149 -6.4029979, 106.8608282 -6.4128921, 106.8580817 -6.4203979, 106.8567084 -6.4326798, 106.8525885 -6.4360914, 106.8549917 -6.4487141, 106.8570517 -6.4586074, 106.8515585 -6.469865, 106.8450354 -6.4760055, 106.8426321 -6.4831692, 106.8295859 -6.4807813, 106.8196295 -6.4787345, 106.8103598 -6.4756643, 106.80212 -6.4746409, 106.793537 -6.4732764, 106.7856405 -6.4712296, 106.7770575 -6.4715707, 106.7677878 -6.4746409, 106.7564581 -6.4753232, 106.747875 -6.4729353, 106.7406653 -6.4691828, 106.7403219 -6.4630423, 106.7379187 -6.4541725, 106.7341421 -6.4500787, 106.7341421 -6.4425734, 106.7358588 -6.4347268, 106.7320822 -6.4302917, 106.7341429 -6.4207373, 106.7365464 -6.4122074, 106.7384347 -6.4062369, 106.7417819 -6.4035929, 106.7451721 -6.3913531, 106.7465237 -6.384551, 106.7451395 -6.3763733, 106.747194 -6.3668253, 106.7489079 -6.3555683, 106.7506216 -6.3429465)",Kota Administrasi Depok, Jawa Barat,
